{"cameraMode":{"drawMode":0,"name":"Shaded","section":"Shading Mode"},"sceneLighting":true,"audioPlay":false,"sceneViewState":{"showFog":true,"showMaterialUpdate":false,"showSkybox":true,"showFlares":true,"showImageEffects":true,"showParticleSystems":true},"in2DMode":false,"pivot":{"x":-4.25977897644043,"y":3.4149341583251955,"z":-2.644826650619507},"rotation":{"x":0.39316079020500185,"y":0.5585842728614807,"z":-0.3396369218826294,"w":0.6465986967086792},"size":35.41844177246094,"orthographic":false}