{"cameraMode":{"drawMode":0,"name":"Shaded","section":"Shading Mode"},"sceneLighting":false,"audioPlay":false,"sceneViewState":{"showFog":true,"showMaterialUpdate":false,"showSkybox":false,"showFlares":true,"showImageEffects":true,"showParticleSystems":true},"in2DMode":false,"pivot":{"x":0.0,"y":-0.4999997019767761,"z":-5.960464477539063e-8},"rotation":{"x":0.018960140645503999,"y":0.5558054447174072,"z":-0.012677504681050778,"w":0.8310177326202393},"size":9.47852897644043,"orthographic":false}